model,own_rho,own_ci_lo,own_ci_hi,own_p_boot,own_n,own_n_positions,pub_rho,pub_ci_lo,pub_ci_hi,pub_p_boot,pub_n,pub_n_positions
REF_delta_ESM_our_run,-0.08811806424891734,-0.11733344589533189,-0.059511384495117385,0.0,10757,654,-0.07070516222228716,-0.0979720380194354,-0.043839529991425104,0.0,10757,654
xTrimoPGLM-7B-CLM,-0.0030850614558988613,-0.02815289684754916,0.021164154925450263,0.8042,10757,654,-0.008465474120987094,-0.03198995987616556,0.014762130893682796,0.484,10757,654
ProtGPT2,0.000659514190235024,-0.026062962655101045,0.027289806215376928,0.968,10757,654,0.0011874801251087832,-0.023503708343085523,0.02596235475456091,0.9334,10757,654
VESPAl,0.016658055317947375,-0.014466436262384452,0.04803755453916335,0.2888,10757,654,0.016861095710079228,-0.010927669799415654,0.04512867062694957,0.2424,10757,654
CARP_600K,0.020578279836637053,-0.0053288041666910545,0.047431352475747784,0.1188,10757,654,0.016904189441599205,-0.0075151933806487225,0.0421607494350785,0.1762,10757,654
xTrimoPGLM-3B-CLM,0.023231333865541912,-0.005666544718934736,0.05187854128965979,0.1128,10757,654,0.022696566064968022,-0.00412331915429796,0.049364673359058205,0.0964,10757,654
RITA_m,0.026163668513360046,-0.0020479073778535855,0.05441112975803787,0.0692,10757,654,0.030092345159408684,0.002995875863016015,0.05650237726582973,0.0262,10757,654
RITA_l,0.026328103716430493,3.781827871178371e-05,0.05345991118148211,0.0498,10757,654,0.02983759615989176,0.00456627568922589,0.055926967317169646,0.022,10757,654
VESPA,0.02922207266823881,-0.0010198859129250263,0.059638759238347744,0.0596,10757,654,0.029421401248394985,0.0018722233041036354,0.05724223309705195,0.0344,10757,654
xTrimoPGLM-1B-CLM,0.03008441563246051,0.00157797723298592,0.0585147722966933,0.0398,10757,654,0.02770189773971536,0.0010759604169781444,0.054259569372142644,0.0412,10757,654
Progen3_1b,0.03204565534457155,0.004442564141961004,0.06021919294452044,0.0248,10757,654,0.03312716107648075,0.006864725387972943,0.05932361649680646,0.013,10757,654
Tranception_L_no_retrieval,0.03238153049111731,0.006481449329908798,0.058611715026388685,0.0156,10757,654,0.033471070641132465,0.0087882123549932,0.058891839965952035,0.0096,10757,654
RITA_xl,0.03476518484243204,0.008947017008287556,0.06053919264743427,0.007,10757,654,0.03254930754273563,0.007546921946297319,0.057383937147028406,0.0086,10757,654
Progen3_3b,0.03590162991720113,0.008827503853841895,0.0627212915441949,0.0078,10757,654,0.0321928694824973,0.00659838153550612,0.05758403475180972,0.013,10757,654
Progen2_base,0.03710495694067788,0.010282443540591697,0.0640042467169948,0.0054,10757,654,0.0359744865400687,0.010402061840901713,0.06145768965573101,0.0054,10757,654
xTrimoPGLM-100B-int4,0.04262849136223261,0.01566055577662261,0.06981899007367148,0.0022,10757,654,0.03102754299550316,0.005503757948615435,0.056987440259083276,0.017,10757,654
ESM2_8M,0.0467106426045771,0.02107190132256267,0.07207873791212017,0.0008,10757,654,0.038253161369743875,0.014229431559501939,0.06249515955809708,0.0026,10757,654
Unirep,0.04770580635790939,0.021215347603151077,0.07426738904002403,0.0006,10757,654,0.03754868575636611,0.012702928101607966,0.06261190863784999,0.0028,10757,654
ESM2_15B,0.04773305809652121,0.022209016373155997,0.07389146114807153,0.0,10757,654,0.045437978934724975,0.021115868307607366,0.0702449453331449,0.0,10757,654
Progen2_medium,0.04799049758480706,0.02034635298889144,0.07620919521871139,0.0004,10757,654,0.04465275745013564,0.018568114886263566,0.07110991899689709,0.0008,10757,654
ProteinMPNN,0.048729058856066855,0.028080467354683024,0.06873071815271727,0.0,10757,654,0.038165905339789245,0.018297778694768983,0.05768334347429374,0.0002,10757,654
xTrimoPGLM-3B-MLM,0.05039635976177991,0.025136877564479805,0.07601660468641226,0.0,10757,654,0.04217880752119091,0.01801865076245311,0.06718183719415552,0.0012,10757,654
Progen3_762m,0.05259767222212829,0.02441606482295402,0.0805222063229795,0.0002,10757,654,0.0474887678763399,0.0208849774172792,0.07391226338590351,0.0008,10757,654
ESM2_3B,0.054519837226198964,0.028450512425564095,0.08102245827671663,0.0,10757,654,0.04814884284794082,0.02346192065916027,0.07269736412074998,0.0002,10757,654
xTrimoPGLM-10B-MLM,0.0550824081940002,0.02978065284363147,0.08080947057850468,0.0,10757,654,0.04737999887248935,0.02310261133490217,0.07220007944800849,0.0002,10757,654
Tranception_L,0.05536522681607711,0.029627356884653733,0.081328620381368,0.0,10757,654,0.050060088060320924,0.025367709689786966,0.07495326838782518,0.0002,10757,654
Progen2_large,0.056800315525023626,0.028476882085621387,0.08484414486413203,0.0,10757,654,0.052750619559619204,0.02603792733387235,0.07928543213952721,0.0,10757,654
Wavenet,0.057513802590160736,0.031186897203396634,0.08405935580083614,0.0,10757,654,0.04647262568639744,0.021289695469379637,0.07155156241603013,0.0002,10757,654
Progen2_xlarge,0.05868792146579861,0.03274762199468286,0.0841103094160408,0.0,10757,654,0.050773494976951224,0.025713155687661717,0.07529776477278505,0.0,10757,654
Unirep_evotune,0.05879121804707216,0.030801851194264814,0.0870107275220567,0.0,10757,654,0.05706029343954106,0.030810187160433374,0.08353050116401385,0.0,10757,654
Site_Independent,0.06396596794067251,0.03764640775006493,0.09056413801620629,0.0,10757,654,0.051578586271735324,0.026641979057754565,0.07673641037569628,0.0004,10757,654
SiteRM,0.06432345670665125,0.037106200365926684,0.09240043934893477,0.0,10757,654,0.05303815189962885,0.02697152000903041,0.0794957760946174,0.0002,10757,654
MSA_Transformer_single,0.06642865248275759,0.0418561218201162,0.09241050456759761,0.0,10757,654,0.06373845514115464,0.04002251588423203,0.08839916357099185,0.0,10757,654
TranceptEVE_L,0.06692434579302275,0.040054109064922405,0.09398057382665732,0.0,10757,654,0.05780261797246686,0.03229822535239203,0.08354511150327852,0.0,10757,654
ESM1v_single,0.06780795371221343,0.040927862239273215,0.09556753765567869,0.0,10757,654,0.06131258548847305,0.036125562878152724,0.0875973527181565,0.0,10757,654
MSA_Transformer_ensemble,0.06790133074772664,0.04288882895852691,0.09426020076219431,0.0,10757,654,0.06413103906196783,0.03982574930950078,0.08911477665080889,0.0,10757,654
DeepSequence_single,0.07136534767345029,0.043484508736922924,0.09959054828377843,0.0,10757,654,0.05791685422243881,0.03125635299294115,0.08455889393873599,0.0,10757,654
VespaG,0.07151120518362526,0.044913047399305246,0.09823964072553013,0.0,10757,654,0.06166800135684511,0.03656626030542631,0.08709960085074336,0.0,10757,654
ProSST-20,0.07163438572878443,0.04377396300452858,0.09826687132015269,0.0,10757,654,0.05805237106408021,0.032606692438156976,0.08259512866945248,0.0,10757,654
EVE_single,0.07282747231541993,0.04603533550639173,0.09993309344895071,0.0,10757,654,0.05951625313188986,0.03379802769600598,0.08540124497656512,0.0002,10757,654
ProtSSN_k10_h1280,0.07330264050781675,0.0452830023317424,0.10196394193476799,0.0,10757,654,0.059877793436310146,0.033077553822495095,0.08719552357367741,0.0,10757,654
Tranception_M_no_retrieval,0.07448313289203645,0.048187056762800384,0.10076733544657387,0.0,10757,654,0.06416461590835358,0.03923834813703031,0.08932959728315902,0.0,10757,654
EVE_ensemble,0.07460181101612699,0.04691056859163026,0.10254176270213508,0.0,10757,654,0.06173380540744817,0.03541892045356264,0.08824604038570999,0.0,10757,654
ProtSSN_k20_h512,0.07510195858131825,0.04680402849387497,0.10417226081587998,0.0,10757,654,0.05982578818773345,0.03258927141707886,0.08739198450625216,0.0,10757,654
CARP_38M,0.07556569351292636,0.0489395687430175,0.1020336404866161,0.0,10757,654,0.05811554392126067,0.033617253136451676,0.08282237041345444,0.0,10757,654
GEMME,0.07576993585430188,0.04914447998277228,0.10286173104404038,0.0,10757,654,0.06479774614244217,0.03978397199672187,0.09045436186849622,0.0,10757,654
ProSST-4096,0.07595780218677632,0.05006446991344148,0.10081169306084202,0.0,10757,654,0.06268231756452938,0.03884450354179115,0.08591001918702255,0.0,10757,654
DeepSequence_ensemble,0.07613611980841997,0.048422632323506715,0.10398456991029553,0.0,10757,654,0.06278475856424923,0.03637327072988732,0.08929219235209895,0.0,10757,654
ProSST-128,0.07633297900400507,0.05043161148369205,0.10177360824570611,0.0,10757,654,0.06491225182900362,0.040423744460957874,0.08889389408386938,0.0,10757,654
ProSST-512,0.07650018909289487,0.05039046083197188,0.10142297826378383,0.0,10757,654,0.06294250198118201,0.03867026411942078,0.08678090798808594,0.0,10757,654
EVmutation,0.0765388135872782,0.050795716426816996,0.10266187118174226,0.0,10757,654,0.06245180123067018,0.03766876451981932,0.0875663102835194,0.0,10757,654
ProtSSN_k20_h1280,0.07684013798081428,0.04922636373761595,0.1049787391690242,0.0,10757,654,0.06116183484123561,0.03481235193328303,0.0880427730066947,0.0,10757,654
ESM1v_ensemble,0.07687349800315775,0.050368876851309294,0.104075077314902,0.0,10757,654,0.06816858731502308,0.04261463673239216,0.09411920305202258,0.0,10757,654
ESMC-600M,0.07991795846975999,0.052048531178550704,0.10785598954517873,0.0,10757,654,0.06901025724257533,0.04270869114514997,0.09537722024373245,0.0,10757,654
TranceptEVE_M,0.08003998998733607,0.05295071957440021,0.10666331229940831,0.0,10757,654,0.06700705948009754,0.04170574980653496,0.09272593696320411,0.0,10757,654
Tranception_M,0.08025566665861451,0.05446580941371213,0.10624479170582721,0.0,10757,654,0.06752227223390772,0.043202119579588465,0.09228434432379654,0.0,10757,654
ProSST-1024,0.08038431814084582,0.05470407514084396,0.10569452062052312,0.0,10757,654,0.0648732862229486,0.040544341565742374,0.08862991639054907,0.0,10757,654
PoET,0.08102284069209242,0.05472042195516783,0.10752681768749259,0.0,10757,654,0.06710144516261607,0.04207714761115247,0.09246332852965645,0.0,10757,654
RSALOR,0.0811117473531153,0.05218265395133637,0.10950447526482529,0.0,10757,654,0.06774856634196842,0.040167660453312326,0.09490072083105487,0.0,10757,654
ESCOTT,0.08256708491002963,0.05555463050846038,0.1096744786848966,0.0,10757,654,0.07354158811338941,0.04789071794510413,0.09960183223034988,0.0,10757,654
ProtSSN_k10_h768,0.08262589421914124,0.05495973950512641,0.11076741161317666,0.0,10757,654,0.06986256306596242,0.043933090940086995,0.09677275699649794,0.0,10757,654
ProtSSN_k20_h768,0.0829069290165002,0.05521717941700195,0.11096662929072579,0.0,10757,654,0.06869899603299831,0.04213849480481967,0.09578948597742984,0.0,10757,654
ProtSSN_k10_h512,0.0830757280420816,0.05479799604793699,0.11150925854121932,0.0,10757,654,0.06926587379295367,0.04263624035578005,0.09609433802111172,0.0,10757,654
ProSST-2048,0.08401660707932838,0.05680712660740786,0.1108045088247339,0.0,10757,654,0.06596159613767777,0.040239993303171774,0.09104790139558491,0.0,10757,654
ProtSSN_ensemble,0.08522941369723602,0.05761686862806527,0.113436302740168,0.0,10757,654,0.06969870654890635,0.04326530632619464,0.09699698587997528,0.0,10757,654
ESM2_650M,0.0853911031053886,0.058861369894065874,0.11229396305341609,0.0,10757,654,0.069895293733652,0.04452527472090113,0.09568061701980234,0.0,10757,654
ProtSSN_k30_h768,0.08575701677426405,0.05818443760703409,0.11402111804004038,0.0,10757,654,0.06930380566397344,0.042993520929666074,0.096327063448558,0.0,10757,654
S3F_MSA,0.08705533866337647,0.0603396979260818,0.11417240140650588,0.0,10757,654,0.07264505394896854,0.04685501557859789,0.09869365736971875,0.0,10757,654
VenusREM,0.08745377029341864,0.06017654247245577,0.11470812619361109,0.0,10757,654,0.06956711237769865,0.04359696473137203,0.09571434493560217,0.0,10757,654
S2F_MSA,0.08848081087673274,0.061553047794255654,0.11524395121522715,0.0,10757,654,0.07443822754874375,0.048955944065867694,0.10012157433724554,0.0,10757,654
S3F,0.08876917034233203,0.06141199249865024,0.11585039273580673,0.0,10757,654,0.07418121942482737,0.048456541500100196,0.10052622379715344,0.0,10757,654
S2F,0.09041098310387992,0.06422484079865376,0.11694491166734929,0.0,10757,654,0.07653487100162576,0.051456111723179175,0.10206628409114225,0.0,10757,654
ProtSSN_k30_h512,0.0905960548639814,0.06332951357861369,0.11845358211734668,0.0,10757,654,0.07308307688348303,0.04716515143633587,0.09974124123580297,0.0,10757,654
MIF,0.09170680777338218,0.06492139713783533,0.11791202005528195,0.0,10757,654,0.07515127963025144,0.04939796954563742,0.10063297804815548,0.0,10757,654
MULAN_small,0.09424770173479532,0.06729124481487904,0.12128445624843322,0.0,10757,654,0.07992826535417508,0.05499085728626545,0.10510851977584212,0.0,10757,654
ESM1b,0.09464072110305502,0.06875309651626244,0.12066857797545594,0.0,10757,654,0.07843055756189425,0.053499383450482156,0.1037593224193615,0.0,10757,654
ProtSSN_k30_h1280,0.09500314473481097,0.06849464972761601,0.12292006419342055,0.0,10757,654,0.07795767888245633,0.0519649821603193,0.10481835398846162,0.0,10757,654
SaProt_650M_AF2,0.09643320152511341,0.06911595412954367,0.12417280090776474,0.0,10757,654,0.08476643577633053,0.05874272426582174,0.11153996609680183,0.0,10757,654
CARP_640M,0.0985657248626695,0.07199555801717217,0.1248783172830074,0.0,10757,654,0.07525403398237293,0.04987710730829785,0.10057566582185949,0.0,10757,654
TranceptEVE_S,0.10543006931804363,0.08007825994709318,0.13099357304222603,0.0,10757,654,0.08548240283910274,0.060788499214682955,0.1098993869035612,0.0,10757,654
MIFST,0.10727747369920318,0.0807568112343396,0.13399277468370144,0.0,10757,654,0.08526875383577245,0.05879803674357326,0.11127535931142016,0.0,10757,654
Progen3_339m,0.1136356487067278,0.08862906385564027,0.1388163213397052,0.0,10757,654,0.0899035236457804,0.06568580724740349,0.11451155219887939,0.0,10757,654
Tranception_S,0.11434799858364281,0.09049934240747808,0.13764570388496114,0.0,10757,654,0.09014787866947144,0.06682856922737324,0.11303068122284304,0.0,10757,654
SaProt_35M_AF2,0.11696905904041872,0.0908199398956233,0.14210519884770834,0.0,10757,654,0.09571196902415315,0.07148089093499291,0.11912018454896847,0.0,10757,654
ESM-IF1,0.11775005963392783,0.09041395671221952,0.14434454858453197,0.0,10757,654,0.0961781394929288,0.06963767951360926,0.12204233370641177,0.0,10757,654
Progen2_small,0.12271887206506522,0.09722255023366527,0.14850081407852445,0.0,10757,654,0.0922314450911481,0.0679537532310405,0.11672522215253997,0.0,10757,654
xTrimoPGLM-1B-MLM,0.1283259092385784,0.10221466208725123,0.15468012708648704,0.0,10757,654,0.09763726892024792,0.07237806639821175,0.12304412296306114,0.0,10757,654
CARP_76M,0.1283398973478639,0.10319964270707706,0.15330011990473566,0.0,10757,654,0.10145708932901006,0.07786686629184449,0.1253558548964796,0.0,10757,654
ESM2_35M,0.12935623704526195,0.10409777331574967,0.15454129753780618,0.0,10757,654,0.10394345855894169,0.08014634629157262,0.12775988362491802,0.0,10757,654
Progen3_112m,0.13218368125065513,0.1069872138246923,0.15699063463210328,0.0,10757,654,0.10127107763788731,0.07702208810646427,0.12525239116609868,0.0,10757,654
Progen3_219m,0.13529961105984978,0.11069146747206093,0.15984441511665695,0.0,10757,654,0.1027086549546674,0.07905660739758917,0.12659521328467638,0.0,10757,654
RITA_s,0.13954695751905882,0.11525873555256691,0.16358243484054166,0.0,10757,654,0.10756225182091414,0.08411890463635917,0.13064822824513472,0.0,10757,654
Tranception_S_no_retrieval,0.1421658332276473,0.11813682574458052,0.16627906211132887,0.0,10757,654,0.1058744115885806,0.08266696160216795,0.12911743441418994,0.0,10757,654
ESM3,0.14720432928600416,0.12155719250269965,0.17214071372705408,0.0,10757,654,0.12348132284317047,0.09869614677695328,0.1476494022349557,0.0,10757,654
ESMC-300M,0.1531298997106999,0.12733872946962627,0.17855197361493147,0.0,10757,654,0.12217251616330231,0.0974180692121734,0.14657666581838974,0.0,10757,654
ESM2_150M,0.16223117588303074,0.13751059376527455,0.1864730155632388,0.0,10757,654,0.1284562479851809,0.10471893839293045,0.152125220515805,0.0,10757,654
